{
  "best_model": "RandomForest",
  "best_f1": 0.7782672883535345,
  "n_classes": 5,
  "n_features": 1218,
  "n_train": 10257,
  "n_test": 2565,
  "feature_names_file": "feature_names.pkl",
  "scaler_file": "scaler.pkl",
  "results": {
    "XGBoost": {
      "accuracy": 0.8012,
      "precision": 0.7583,
      "recall": 0.8012,
      "f1_score": 0.7687,
      "roc_auc": 0.8441,
      "confusion_matrix": [
        [
          1919,
          64,
          6,
          2,
          0
        ],
        [
          289,
          105,
          18,
          1,
          0
        ],
        [
          49,
          41,
          27,
          5,
          0
        ],
        [
          12,
          10,
          6,
          4,
          1
        ],
        [
          3,
          2,
          0,
          1,
          0
        ]
      ],
      "classification_report": {
        "NON-TOXIC": {
          "precision": 0.8446302816901409,
          "recall": 0.963837267704671,
          "f1-score": 0.9003049495660334,
          "support": 1991.0
        },
        "MODERATE": {
          "precision": 0.47297297297297297,
          "recall": 0.2542372881355932,
          "f1-score": 0.33070866141732286,
          "support": 413.0
        },
        "TOXIC": {
          "precision": 0.47368421052631576,
          "recall": 0.22131147540983606,
          "f1-score": 0.3016759776536313,
          "support": 122.0
        },
        "HIGH RISK": {
          "precision": 0.3076923076923077,
          "recall": 0.12121212121212122,
          "f1-score": 0.17391304347826086,
          "support": 33.0
        },
        "CRITICAL": {
          "precision": 0.0,
          "recall": 0.0,
          "f1-score": 0.0,
          "support": 6.0
        },
        "accuracy": 0.8011695906432749,
        "macro avg": {
          "precision": 0.41979595457634744,
          "recall": 0.31211963049244423,
          "f1-score": 0.34132052642304966,
          "support": 2565.0
        },
        "weighted avg": {
          "precision": 0.7582612274935537,
          "recall": 0.8011695906432749,
          "f1-score": 0.7686680044677787,
          "support": 2565.0
        }
      }
    },
    "RandomForest": {
      "accuracy": 0.7922,
      "precision": 0.769,
      "recall": 0.7922,
      "f1_score": 0.7783,
      "roc_auc": 0.8366,
      "confusion_matrix": [
        [
          1841,
          133,
          13,
          4,
          0
        ],
        [
          232,
          149,
          31,
          1,
          0
        ],
        [
          38,
          42,
          37,
          5,
          0
        ],
        [
          9,
          8,
          11,
          4,
          1
        ],
        [
          2,
          1,
          2,
          0,
          1
        ]
      ],
      "classification_report": {
        "NON-TOXIC": {
          "precision": 0.8675777568331763,
          "recall": 0.9246609743847313,
          "f1-score": 0.8952103087770484,
          "support": 1991.0
        },
        "MODERATE": {
          "precision": 0.44744744744744747,
          "recall": 0.36077481840193704,
          "f1-score": 0.39946380697050937,
          "support": 413.0
        },
        "TOXIC": {
          "precision": 0.39361702127659576,
          "recall": 0.30327868852459017,
          "f1-score": 0.3425925925925926,
          "support": 122.0
        },
        "HIGH RISK": {
          "precision": 0.2857142857142857,
          "recall": 0.12121212121212122,
          "f1-score": 0.1702127659574468,
          "support": 33.0
        },
        "CRITICAL": {
          "precision": 0.5,
          "recall": 0.16666666666666666,
          "f1-score": 0.25,
          "support": 6.0
        },
        "accuracy": 0.7922027290448344,
        "macro avg": {
          "precision": 0.4988713022543011,
          "recall": 0.37531865383800933,
          "f1-score": 0.4114958948595195,
          "support": 2565.0
        },
        "weighted avg": {
          "precision": 0.76904208876217,
          "recall": 0.7922027290448344,
          "f1-score": 0.7782672883535345,
          "support": 2565.0
        }
      }
    },
    "LightGBM": {
      "accuracy": 0.7715,
      "precision": 0.7628,
      "recall": 0.7715,
      "f1_score": 0.7664,
      "roc_auc": 0.8314,
      "confusion_matrix": [
        [
          1771,
          204,
          15,
          1,
          0
        ],
        [
          205,
          173,
          31,
          4,
          0
        ],
        [
          37,
          47,
          32,
          6,
          0
        ],
        [
          9,
          11,
          9,
          3,
          1
        ],
        [
          2,
          1,
          2,
          1,
          0
        ]
      ],
      "classification_report": {
        "NON-TOXIC": {
          "precision": 0.875,
          "recall": 0.8895027624309392,
          "f1-score": 0.8821917808219178,
          "support": 1991.0
        },
        "MODERATE": {
          "precision": 0.3967889908256881,
          "recall": 0.4188861985472155,
          "f1-score": 0.4075382803297998,
          "support": 413.0
        },
        "TOXIC": {
          "precision": 0.3595505617977528,
          "recall": 0.26229508196721313,
          "f1-score": 0.3033175355450237,
          "support": 122.0
        },
        "HIGH RISK": {
          "precision": 0.2,
          "recall": 0.09090909090909091,
          "f1-score": 0.125,
          "support": 33.0
        },
        "CRITICAL": {
          "precision": 0.0,
          "recall": 0.0,
          "f1-score": 0.0,
          "support": 6.0
        },
        "accuracy": 0.7715399610136452,
        "macro avg": {
          "precision": 0.36626791052468816,
          "recall": 0.33231862677089175,
          "f1-score": 0.34360951933934825,
          "support": 2565.0
        },
        "weighted avg": {
          "precision": 0.7627540045810273,
          "recall": 0.7715399610136452,
          "f1-score": 0.7664276353719839,
          "support": 2565.0
        }
      }
    }
  }
}